{
    "loss": [
        0.5460487604141235,
        0.049679290503263474,
        0.02637101337313652
    ],
    "accuracy": [
        0.783542811870575,
        0.9856487512588501,
        0.9915081262588501
    ],
    "val_loss": [
        0.0668545663356781,
        0.061460427939891815,
        0.017669863998889923
    ],
    "val_accuracy": [
        0.9775390625,
        0.974609375,
        0.9921875
    ]
}