{
    "loss": [
        0.9334293007850647,
        0.16439837217330933,
        0.04975419491529465,
        0.02993699535727501,
        0.025162873789668083,
        0.020093966275453568,
        0.016701193526387215,
        0.013149592094123363,
        0.010156991891562939,
        0.00983397662639618
    ],
    "accuracy": [
        0.61769700050354,
        0.957625687122345,
        0.985733687877655,
        0.9920176863670349,
        0.9933763742446899,
        0.99439537525177,
        0.9953294992446899,
        0.9968580007553101,
        0.9978770613670349,
        0.9972826242446899
    ],
    "val_loss": [
        0.33349114656448364,
        0.06280289590358734,
        0.02181611955165863,
        0.05740268528461456,
        0.01963214948773384,
        0.014647473581135273,
        0.015413244254887104,
        0.019923953339457512,
        0.009554865770041943,
        0.008921589702367783
    ],
    "val_accuracy": [
        0.9306640625,
        0.986328125,
        0.99609375,
        0.98046875,
        0.9931640625,
        0.994140625,
        0.998046875,
        0.9921875,
        0.9970703125,
        0.99609375
    ]
}